{
  "source_svo": "front.svo2",
  "camera_name": "front",
  "cameras": {
    "front": {
      "mat": [
        [
          1266.325927734375,
          0.0,
          958.660400390625
        ],
        [
          0.0,
          1266.325927734375,
          600.7926635742188
        ],
        [
          0.0,
          0.0,
          1.0
        ]
      ],
      "dist": [
        0.0,
        0.0,
        0.0,
        0.0
      ],
      "fisheye": false,
      "resolution": {
        "width": 1920,
        "height": 1200
      },
      "baseline": 0.12023725360631943
    }
  }
}